name,url
1. VAPE IT STORE II,https://jportal.mdcourts.gov/license/pbLicenseDetail.jsp?owi=pPfKAhNUVco%3D
2. VAPE IT STORE I,https://jportal.mdcourts.gov/license/pbLicenseDetail.jsp?owi=KVyHlaQ1Wxs%3D
3. VAPEPAD THE,https://jportal.mdcourts.gov/license/pbLicenseDetail.jsp?owi=xCkmCTJY5kU%3D
4. VAPE FROG,Pending
5. VAPE FROG,Pending
6. VAPE LOFT THE,https://jportal.mdcourts.gov/license/pbLicenseDetail.jsp?owi=gBYJlLwaIhM%3D
7. VAPE N CIGAR,https://jportal.mdcourts.gov/license/pbLicenseDetail.jsp?owi=mJryc8kHJic%3D
8. VAPE DOJO,https://jportal.mdcourts.gov/license/pbLicenseDetail.jsp?owi=bUoW2ojV%2FXY%3D
9. VAPE HAVEN,Pending
10. VAPORS LOUNGE,Pending
11. VAPORFI SOUTHSIDE,https://jportal.mdcourts.gov/license/pbLicenseDetail.jsp?owi=D%2BbGoXjXis4%3D
12. VAPE DO JO,https://jportal.mdcourts.gov/license/pbLicenseDetail.jsp?owi=DVFwv7ZBWx8%3D
13. VAPERTETMD,Pending
14. VAPERTEKMD,https://jportal.mdcourts.gov/license/pbLicenseDetail.jsp?owi=Kd%2BiKlpBZgo%3D
15. VAPORIOT,Pending
16. VAPE PLUS,https://jportal.mdcourts.gov/license/pbLicenseDetail.jsp?owi=%2Ff9UJo6SZRg%3D
17. VAPE SOCIAL,https://jportal.mdcourts.gov/license/pbLicenseDetail.jsp?owi=YxxTN1EdryQ%3D
18. VAPE JUNGLE,https://jportal.mdcourts.gov/license/pbLicenseDetail.jsp?owi=OFrlvtXnzPk%3D
19. VAPE TIME,Pending
20. VAPEBAR EXPESS,Pending
21. VAPEWERKS,https://jportal.mdcourts.gov/license/pbLicenseDetail.jsp?owi=O8wo%2B0jPAgw%3D
22. VAPIST MD,https://jportal.mdcourts.gov/license/pbLicenseDetail.jsp?owi=P%2F1MBdI5igo%3D
23. VAPOR 99,Pending
24. VAPOR ALLEY,https://jportal.mdcourts.gov/license/pbLicenseDetail.jsp?owi=GgLV3y6%2BX80%3D
25. VAPOR EMPORIUM,https://jportal.mdcourts.gov/license/pbLicenseDetail.jsp?owi=mM8Y5eOVIT4%3D
26. VAPOR VILLA,https://jportal.mdcourts.gov/license/pbLicenseDetail.jsp?owi=uk1ipX86Z8g%3D
27. VAPOR VILLA,https://jportal.mdcourts.gov/license/pbLicenseDetail.jsp?owi=IZxE9oH9uLw%3D
28. VAPORS LOUNGE,https://jportal.mdcourts.gov/license/pbLicenseDetail.jsp?owi=btBs9cll0KQ%3D
29. VAPE DOJO,https://jportal.mdcourts.gov/license/pbLicenseDetail.jsp?owi=gmGRJ7CmoDs%3D
30. VAPE DOJO,https://jportal.mdcourts.gov/license/pbLicenseDetail.jsp?owi=rnq6JjvxKLM%3D
31. VAPE DOJO,https://jportal.mdcourts.gov/license/pbLicenseDetail.jsp?owi=9ne6KGWXJkw%3D
32. VAPE DOJO,https://jportal.mdcourts.gov/license/pbLicenseDetail.jsp?owi=cxVQhzSlyoM%3D
33. VAPEZ YARDHOUSE,Pending
34. VAPERS RING,https://jportal.mdcourts.gov/license/pbLicenseDetail.jsp?owi=Oj%2BOUl9rCqI%3D
